{
  "image1_path": "application/cat/diff_3_2.png",
  "image2_path": "application/cat/diff_3_1.png",
  "num_features_1": 1000,
  "num_features_2": 1000,
  "num_matches": 100,
  "similarity_score": 0.1,
  "homography": [
    [
      0.9996171948403691,
      -0.0004601132225852642,
      0.11622492623495993
    ],
    [
      -0.00012374493464615454,
      0.9992499046360899,
      0.13379445718347888
    ],
    [
      -7.865824846914889e-08,
      -1.0997749274038099e-06,
      1.0
    ]
  ],
  "inlier_matches": 99,
  "num_differences": 2
}